{
  "kind": "collectionType",
  "collectionName": "categories",
  "info": {
    "singularName": "category",
    "pluralName": "categories",
    "displayName": "Category",
    "description": ""
  },
  "options": {
    "draftAndPublish": true
  },
  "pluginOptions": {},
  "attributes": {
    "houses": {
      "type": "relation",
      "relation": "manyToMany",
      "target": "api::house.house",
      "inversedBy": "categories"
    },
    "Category": {
      "type": "string",
      "required": true,
      "unique": true
    }
  }
}
